id_escola,tipo_escola,nse,proficiencia
1,1,-0.44665398208689105,297.6721455336506
1,1,0.7836453223254595,323.46737354924295
1,1,0.07844107221442743,335.02454644882965
1,1,2.3503288382393657,355.1253746467541
1,1,-0.5424722539449258,292.2101004366734
1,1,0.7292719824658956,329.7742631322777
1,1,0.8817138062639602,309.72523659753784
1,1,-0.610396640361884,262.90531137383493
1,1,0.31023098324558707,299.2268139876358
1,1,1.0886375262247592,295.2482220334795
1,1,-1.2977141383793394,313.80532150747615
1,1,-0.5402399785154962,276.07747217297
1,1,0.13455667429358692,311.55810472938833
1,1,-0.31533880147530624,267.73600092007104
1,1,0.04325654013744724,317.5587641210862
1,1,0.9836494078947229,293.2510793093266
1,1,0.952138524868823,316.3551286509044
1,1,-0.7084140228707871,314.2629694649116
1,1,1.6569750654541804,341.37158819418806
1,1,-0.8448366273325997,305.3897577112014
1,1,-0.4525589335368941,318.3407302972616
1,1,1.5339685750409873,309.35501333900083
1,1,0.535485814290479,331.7345558844543
1,1,1.4142359561357043,349.9185030844322
1,1,0.5144108137664704,320.8294817077415
1,1,0.4049734259370635,318.08385095757245
1,1,0.5739765285911625,317.60044205700234
1,1,-0.691183114387839,325.5605572172356
1,1,1.255137942419814,351.355031598145
1,1,-2.17499136910422,265.0778006546553
1,1,1.328807644531264,300.5922859647945
1,1,-2.246815598491851,271.4446988876229
1,1,0.7812294218237437,335.611378469898
1,1,-0.6795726711545126,300.246993250005
1,1,1.004164142803762,278.61191431241144
1,1,-0.5984799182088738,286.22939487838664
1,1,0.48846689044096225,304.3231052081186
1,1,0.5724791399378208,298.08879155022663
1,1,2.2166442098199415,337.4578634000032
1,1,0.8002301204297005,303.1178303052898
1,1,0.028991470479712882,296.1493902163293
1,1,-0.34490433316905106,301.19486652013194
2,1,-0.11704276655875628,325.69890003349553
2,1,-0.15523679300720064,343.53976731664335
2,1,-1.0766461620811065,312.8075678161171
2,1,-0.044097861097907365,265.973919158545
2,1,-0.6992965724913622,298.4433332939168
2,1,-0.002466352343201494,294.23179155378125
2,1,-1.3297297970457558,300.52303344979543
2,1,0.7168183868857151,339.8906579456224
2,1,-0.19626360489321373,322.304508970115
2,1,0.8670398045629323,338.6018447638267
2,1,0.06144379903747565,315.20871272610304
2,1,-0.4275266891745862,299.19606675582145
2,1,1.1623586232789345,324.9441632730377
2,1,1.0900552901156912,308.5049035365104
2,1,0.5281799026663548,319.4505817695837
2,1,-1.823284442839507,261.02757370185657
2,1,1.1752301592261643,326.3433815308703
2,1,-0.7740000920497472,325.1658128530776
2,1,-0.5583262488999833,313.81619705899413
2,1,-0.2504277574712867,310.4117375805424
2,1,-1.6750143416356638,267.75602321672613
3,0,0.05651751229703192,275.94543833380584
3,0,0.8584034432604851,300.1831467042175
3,0,0.23861897663647652,280.56437994102765
3,0,-0.07797754702768094,275.93977351866914
3,0,-0.08698184004144965,252.988381078283
3,0,0.5882395152036616,256.6923764153194
3,0,0.9599115106229059,288.2754387484661
3,0,-0.7096526287859293,232.53121766550586
3,0,0.3573167193058682,279.1302936820521
3,0,0.5928596912450432,274.3288931057388
3,0,0.3082540104290176,289.31498282632776
3,0,2.026028829550194,282.6938046361264
3,0,-0.2512366503704533,258.705598438239
3,0,0.299270948318212,316.1880475648457
3,0,-0.16063197105928678,271.9648627030218
3,0,1.5094589870825326,301.1751725573869
3,0,-0.5477436257958237,250.1254808700889
3,0,0.4379421113857361,296.9584012403299
3,0,0.7907294310099158,288.74281950910995
3,0,-0.10281876897452394,263.53748425180083
3,0,1.815401233497228,296.4967821830466
3,0,-0.5389566753657821,264.07893190227577
3,0,0.07598695351352314,254.73493220392524
3,0,-0.4190083744681036,286.01954511343286
3,0,1.1596962231044086,304.0457804962267
3,0,2.0538173093585455,293.2962344992403
3,0,0.5476017185959952,259.6262861427034
3,0,0.6443984637176329,237.02493335655265
3,0,-0.32587380690559725,254.0270400339868
3,0,1.8648567966665126,290.9247595148854
3,0,0.15036869735278194,277.47422694142364
3,0,0.5268870389100846,283.74120234410316
3,0,-0.48226109895340397,267.8880816949126
3,0,1.7163743054974856,253.03031927521383
3,0,0.6649741920833563,258.32611488859004
3,0,-0.8774648482615858,284.8671053316911
3,0,0.7816758045033625,267.6852898050814
3,0,0.8458009962214638,244.28954706755178
3,0,0.12163656174288931,304.5374994105324
3,0,-0.3157145377317776,255.5621095989619
3,0,-0.532903160315792,249.28437499820643
3,0,-0.45303440085952995,248.83840163000448
3,0,1.6204159527624145,265.19569330453766
4,0,-1.3879896349949765,198.48440154029012
4,0,0.6691090547775788,262.956831875559
4,0,-0.3168245175670924,245.6695197170231
4,0,0.9254892979415507,267.78588103415086
4,0,-1.490496132722028,232.3301199864945
4,0,0.5859476876002668,243.79351059038936
4,0,0.9140980424911131,287.099611269854
4,0,-0.932021524527779,255.02822139840328
4,0,-1.2350715528255598,262.22532786358244
4,0,0.7027346380296043,262.0293384527731
4,0,1.3122966619956717,294.40295805528456
4,0,0.18045717292807625,223.55019208854395
4,0,-1.2881372358207592,210.7389456199423
4,0,0.6599813508384985,256.811625639128
4,0,1.5118156888078866,282.8120448371215
4,0,0.8687755453953449,219.72902224283087
4,0,-2.024821284502703,269.54582018869166
4,0,-0.7763830300107388,228.9020072748906
4,0,-0.7079307628906121,231.26204509065988
4,0,1.476879985207278,264.27306832634576
4,0,-1.6525127268442565,222.4259041434109
4,0,-0.516747474615703,265.2114654809166
4,0,1.5243089590153174,308.89822560788883
4,0,0.0384785058342333,262.32930601392417
5,1,0.7108146509302511,352.2926386144526
5,1,0.13628327249614133,314.4131518097987
5,1,0.7831348627812663,337.2843679989968
5,1,-0.6786007777679367,276.4865033421054
5,1,-0.09307143319109232,329.76067683228297
5,1,-1.1570656363688305,304.5199365012382
5,1,-2.108834428746684,244.05104695260752
5,1,0.710132443846421,312.4591965452818
5,1,0.47572081683151474,312.5057246436871
5,1,0.6725042884292683,313.3584523230169
5,1,-0.9760413203441282,316.6845361390452
5,1,-0.22137935145327015,290.71454606901256
5,1,0.5539589889825873,316.967458809422
5,1,0.323445187117651,319.62419322679443
5,1,0.8623313841431375,297.2225897538133
5,1,-2.7592462247190204,247.08017973134906
5,1,-0.417215724451875,290.4029889488441
5,1,-1.0638772104070042,298.3769552393843
5,1,-0.15042109114293448,289.2800291863443
5,1,0.3387764186014472,361.07865085004596
5,1,-0.7005771259130416,337.94833832522755
5,1,0.20833949256208273,339.4941187483494
5,1,-1.6320535654590174,333.90978969915477
5,1,0.454934384743211,316.9999742413619
5,1,-0.8567463286565726,295.52375195820565
5,1,-0.5488908704191728,275.25258441993753
5,1,-0.2596878053101918,279.6735226561202
5,1,-0.7078606757690722,332.25406294436834
5,1,-1.206056924928114,316.38960260984805
5,1,0.5553789518538684,356.20547335524566
6,0,0.2757457045592071,269.21593699977046
6,0,0.7178734972894504,293.5426458252223
6,0,-1.1619918250155536,222.93439124570864
6,0,0.8363277028518239,293.3609025743519
6,0,0.4074957883386348,266.6323779563296
6,0,-0.23015282020553998,233.72843298687
6,0,-0.16805868023289108,232.79283126095447
6,0,-1.314392882754774,261.3453706102341
6,0,-0.15153532939675204,256.84246818434247
6,0,-0.7255106781042611,277.07666667555304
6,0,0.06476151922877382,238.84019649610835
6,0,-0.48175277607660694,261.94038289054794
6,0,-0.15484202011918927,273.37243742581376
6,0,0.8503530821429451,292.51767395851755
6,0,1.0558396415033346,302.260208114715
6,0,0.7951384432036895,301.2238071832963
6,0,1.4003526029028337,291.04671144934844
6,0,1.501112495677714,268.8410575115749
6,0,1.3337453092658156,251.3137777566926
6,0,0.3379269572312548,310.0271781690395
6,0,1.6727044047398876,328.3450504241499
6,0,-0.8962068650687104,268.36737928711665
6,0,-0.29919754383417174,292.6080123384443
6,0,-0.4389733733666244,260.39267104734625
6,0,0.9971791169588273,300.94783744651016
6,0,1.4972568715804058,250.19834627074601
6,0,-1.382638102996659,251.92380693803224
6,0,0.43131443013199194,285.29836997855557
6,0,1.3317788985420655,293.56576742848466
6,0,-0.6117584176754253,240.32411267695232
6,0,-3.2489249658995627,257.2767679350325
6,0,-1.0837213409840056,245.91423895015132
6,0,-0.3449010833126803,275.55116853722666
6,0,0.18502335984392732,287.7311844111652
6,0,-0.9378929751762004,256.83724701629797
6,0,-1.3955983282853754,236.58954836860582
6,0,-1.9614198780928769,225.24939037055105
6,0,1.4151039175799718,253.8984761575923
6,0,-0.8431950753789524,247.8557049535832
6,0,1.3666911823018317,279.33903518906914
6,0,0.3730127377937693,276.4808866011498
6,0,-0.04102348559540946,241.94675405867127
6,0,1.28490959551905,281.45199501156804
6,0,-0.5631215427397505,260.6551920319204
6,0,-0.7652824760477038,281.59398688208086
6,0,0.35326747761885835,243.8416919107471
7,0,-0.1520028388662726,251.57736094235418
7,0,0.10924799685685381,260.85596670534676
7,0,0.2481015144918663,290.8077029039464
7,0,0.1424175319107968,265.0929280399173
7,0,-0.8625768005763381,281.5567807742116
7,0,0.3286599881185264,279.5166692055723
7,0,0.9310165675358137,288.66620208639904
7,0,1.7293365713437223,268.99947830785504
7,0,0.8702033758790363,232.4781770979579
7,0,-0.02485499022455804,272.1351668595166
7,0,0.06488854577211829,234.4254226397999
7,0,-0.8816846387427403,224.59311804040584
7,0,0.4226745302515701,253.56107157634258
7,0,-0.13657530587265834,240.55745486448518
7,0,-1.1356223488739075,261.0909479054089
7,0,0.49153891797009025,278.59747056715065
7,0,-0.70111698220845,212.41775869891984
7,0,-1.1329979518072393,211.75678450438127
7,0,-1.4523570649113697,244.13025912972938
7,0,-1.73119931213025,205.72151049903488
7,0,0.016257004833541824,254.86928479543565
7,0,0.04528356495653508,269.0604878299537
7,0,1.6328310717585302,304.76575939534075
7,0,-0.2153534712295381,276.30365137167314
7,0,0.4817878863851381,280.9986920717056
7,0,1.7026606047614359,314.2411044540443
7,0,-0.8848981813273032,280.01079542637297
7,0,0.5671463858797597,260.6004150381765
7,0,0.3302701518131561,253.83392803754137
7,0,-0.9068612750252081,267.21343360788535
7,0,-0.8434801433079521,249.6309645237559
7,0,1.8726792067489069,255.73635096260705
7,0,-1.4072362025213787,252.50182837400428
7,0,1.791037821393348,313.35352104471536
7,0,-1.2698712938146695,249.53149772126366
7,0,0.49185461753294746,290.80777638687107
7,0,0.6232970063584706,267.6382239263612
8,1,-1.9136309917392098,299.15790209132564
8,1,1.3271420210683327,292.86594142585005
8,1,0.6614412928315767,326.54726469737665
8,1,-0.5198487861423216,319.3562574343721
8,1,1.2143228542592288,361.84617498692495
8,1,-1.176210176552373,314.0359670025315
8,1,-1.2567805359507562,287.07369044078195
8,1,1.186115531392452,337.08789510535865
8,1,0.7827687964033734,345.3153185311637
8,1,-0.08688094929915055,296.84549231515535
8,1,1.7285990563709506,308.102402207072
8,1,-1.2081265269680002,305.3988147460881
8,1,-1.073310030330254,271.58766281845874
8,1,-0.16408038069307265,337.70966345362194
8,1,-0.7390115185006294,306.9118723713818
8,1,-0.2277584879672628,300.89929490193975
8,1,0.1668234882167038,303.9603564323489
8,1,0.28307766442555066,337.7616237013809
8,1,-2.9389849819327734,255.86450318655852
8,1,-0.35321111061843335,351.24649034464835
8,1,0.13556647785940376,319.3597720611693
8,1,-0.6201450448029371,309.52723821429885
8,1,0.46584446365128174,339.4852243377782
8,1,1.0211512035664518,301.5831989785418
8,1,1.7482955963352513,333.40287732142025
8,1,-0.09467204348735195,276.7747554292723
8,1,-1.195831013434221,291.96005444308275
8,1,0.07972616430335003,307.396548972281
9,1,-0.22944520600880272,309.26807080800626
9,1,1.1657025174667062,350.7300251865966
9,1,-0.5991778094210889,343.71387689079336
9,1,-1.462673541762905,300.40214021677275
9,1,1.4419897076384973,324.5403642332393
9,1,-0.5327110844213153,281.04413716136025
9,1,3.476068186934734,367.90647898904456
9,1,-0.2911085512374149,352.7077001746274
9,1,0.04340237613125114,327.3270464186803
9,1,1.3869141511978702,372.68517797235086
9,1,0.20172048063642153,345.2067796201415
9,1,0.026764519187329885,356.67940916452284
9,1,1.3437534042294128,371.6169040455399
9,1,0.9402166985427373,353.6096710814282
9,1,-0.6415991398427684,305.43144420529154
9,1,0.07671412419273377,326.74858513700985
9,1,2.14947509525617,356.81544688086643
9,1,0.01334784366909312,316.21684584852113
9,1,-0.06069353373080143,309.17905230715877
9,1,2.0184673186241286,356.3925209718953
9,1,-0.1704307762885704,359.3068474767554
9,1,-1.0602266504286673,274.39226185062387
10,0,0.5949419662569537,239.85592974927874
10,0,-0.09285288100729135,236.3834607583817
10,0,0.0014744282256203905,234.90351873450825
10,0,0.9308517676769853,236.20154368165896
10,0,0.04871477216588359,236.02816051751506
10,0,-0.9405440571738821,205.11325898042162
10,0,0.0018007942690757843,192.08421219978328
10,0,0.31913562189242395,200.3049554725368
10,0,-0.5616800146405417,249.857424808634
10,0,-0.25910842260838024,234.8477392756115
10,0,-0.16317401138194154,235.72053920647357
10,0,-0.8179483762854971,228.50816347006668
10,0,1.2075170597344829,254.91889287172114
10,0,0.7129450547922127,242.08689154881705
10,0,0.1566917465357319,259.33511295660867
10,0,0.6068089265059512,271.60877553357176
10,0,1.4656531744965486,268.0984586537356
10,0,1.7232695282879504,266.23780529864
10,0,-0.10732384094819736,254.76219269802172
10,0,-1.0778057469059208,219.1889526076957
10,0,0.20841606231314194,237.15332872049734
10,0,-2.137541961792477,217.75409469902644
10,0,-0.6783018139845695,240.1212310800599
10,0,0.420222156459547,253.90568802860133
10,0,0.16787185821353107,241.63244380472955
10,0,-1.4133399533723083,253.8964973273633
10,0,0.07581629213407923,203.97333700579418
10,0,-0.6895605453136255,232.71618296397435
10,0,0.13958730686678472,229.81561358908343
10,0,0.3449423910613526,236.83758057762537
10,0,1.3102561139002278,256.14169064461777
10,0,-1.4706348819895307,201.6247078716081
10,0,-0.22023840409122628,207.06544839452508
10,0,0.30102076824667695,192.69453982215487
10,0,1.3840345805429592,262.4781920511096
10,0,0.5795036086931453,227.28948604765262
10,0,0.457945945401139,235.9768813394173
10,0,-0.1187964252078637,239.748927658212
10,0,-1.9533817608084496,169.14363007790348
10,0,1.3583463417721515,252.9747888929518
10,0,-0.290318269845524,231.1448816544925
10,0,0.357507602563532,313.61325840429333
10,0,0.8950641447001219,262.3306175322343
10,0,1.2698472761556356,264.2232027139541
10,0,0.3012920042626669,240.14792279022714
10,0,0.9024184035721892,250.79421014815023
10,0,-0.5718208657309919,221.08209875553806
11,1,-0.3616814299041588,293.7227397851099
11,1,1.1703489185216418,330.68170341494255
11,1,-0.6649835825301234,295.84921805772535
11,1,-1.6836555273972682,302.0541244846726
11,1,1.4556171321299862,325.3248323995384
11,1,-0.40204860038685275,306.3581095316201
11,1,0.28720813117678035,296.8325879696692
11,1,0.2658095141006036,340.7612035471145
11,1,-0.5359233549823039,313.11836582433085
11,1,1.3152718979315599,322.7817741481421
11,1,0.46447972791336234,375.62859840108035
11,1,0.4612121730006628,333.75099906174745
11,1,-1.8037105773260214,249.66373890565893
11,1,-0.18429655356798916,313.0832389248103
11,1,1.2361989948104057,306.97467264517036
11,1,-0.6035957532861498,310.8109018828568
11,1,1.2374288650193195,340.16250357742507
11,1,0.7002136846046018,327.3013883063935
11,1,0.2260116227331216,307.2417431103959
11,1,0.810424834630039,342.40101020283925
11,1,0.38077473255804517,317.73350560789765
11,1,0.7955067302980819,300.5057856600237
11,1,-0.91912579829648,318.5903208387473
11,1,1.2892070018130954,327.5966347217155
11,1,-0.7371781432690212,289.52263762764517
11,1,1.2913875720004953,359.91444933548723
11,1,1.5162806129926338,367.7887455083962
11,1,0.6111584715025481,313.0680166650113
11,1,1.1159426806808812,339.6784418501079
11,1,0.1680635571419631,343.00026617523486
11,1,-0.006130810947939784,305.5073302343475
11,1,-0.7977156081373334,318.5058520215636
11,1,-0.15620736951865102,319.90532011761155
11,1,-1.147021061938795,299.18326107715575
11,1,-0.11839562470069764,290.95072062348316
11,1,-1.007898662190007,326.8541334156775
11,1,-1.211043669537169,305.94400172670527
11,1,-1.971517502775968,294.5590211969243
11,1,-0.0071827868035225775,345.3594492163578
11,1,-0.8751184780416292,268.6386188547175
11,1,0.45598056918523083,319.1391688105145
11,1,0.16525929366584555,296.3706161635419
11,1,0.17493632578954255,349.61358606766623
12,0,-0.6690272493933517,285.8845110814271
12,0,-2.4256068527201946,251.7819738861935
12,0,1.3080323957924982,230.76245383057272
12,0,1.328469365565952,309.8546706545437
12,0,-0.1883093326502324,257.9486849654636
12,0,-0.7674579871509783,261.38380722234615
12,0,0.3997011327230805,241.50235419404686
12,0,-1.1129992777514144,225.81331641721974
12,0,0.942044841145747,250.6386335489064
12,0,0.011501994017864307,295.2674841291678
12,0,0.07453824395649795,290.3344320779517
12,0,-0.9978440708279341,272.35320150155934
12,0,-1.309675150591152,283.77795885903294
12,0,0.4533455898712033,268.35921655485987
12,0,-1.5435584590852522,199.0035915058037
12,0,-0.3966392282442308,296.80909696068875
12,0,0.6304005442841373,256.71374192777853
12,0,-0.3672399362872901,263.1035898216485
12,0,1.4470312684438382,328.2043557466341
12,0,-0.41575161019531687,279.25741106663725
13,1,0.809729386200045,356.786297071773
13,1,0.23668826714557775,341.59962419899614
13,1,-0.5930904589305382,334.1143336534329
13,1,-0.36252132276358684,331.4571427599993
13,1,-0.019609036237239776,314.0320107102762
13,1,-0.940957076714621,330.08204415060914
13,1,0.3446398413435072,342.17839077202166
13,1,0.6947644326165381,316.5123795284077
13,1,1.3107264836176244,377.1954965434456
13,1,1.0274142442761214,340.82626591976
13,1,-0.4427326883555621,304.4959151594232
13,1,-0.827717500260567,323.31061480040916
13,1,-0.09242418978572399,354.7401842651392
13,1,-1.1868119847426275,312.52412684551217
13,1,0.2634382240698347,296.1778567422826
13,1,0.3951187380421664,359.5570717724124
13,1,-1.5201576400109764,282.232370987239
13,1,-0.29921233252857254,286.77276776005147
13,1,1.3900104715768324,325.17990314649364
13,1,-0.7058054944025786,319.7125409200148
13,1,0.5088578568141657,328.94529132685824
13,1,0.23227526472788548,309.8010969045975
13,1,-1.3642506824218292,305.1805075305978
14,0,1.5175857286047296,311.92491190259744
14,0,2.8528338029149825,308.8661298091434
14,0,0.713303330268553,250.63465332458347
14,0,-0.9388872108037857,280.83076541603606
14,0,-0.7777122193029251,252.3353920477551
14,0,0.256100570732484,219.85021575280297
14,0,0.9738971923877859,276.18639318740685
14,0,0.4219430394837174,244.0356087263
14,0,1.1020597933751801,292.72965541931114
14,0,-0.8492510367207344,245.55334973628933
14,0,0.8578864081769794,282.9804109937972
14,0,-0.3519813987414627,255.43777544237514
14,0,-0.2538173416457367,242.12217124654796
14,0,0.3767123497576883,272.62235820694747
14,0,-0.9011142151804313,267.26807215755974
14,0,0.6473744054361055,257.02768888362016
14,0,-0.5580818248094597,226.02857779917744
14,0,-0.2190739592325126,246.30804807971478
14,0,1.067461951222542,254.8856360936048
14,0,0.15903301275719414,261.7118783978666
14,0,0.7771651295263582,268.9397332023221
14,0,-1.0843043714136331,221.83418298986336
14,0,1.3760470822625783,249.01633575120405
14,0,0.9922302623483151,263.0594640826908
14,0,2.0386197326087374,231.63020463518671
14,0,1.20780259887911,252.92298122022214
14,0,-0.5141163093162997,228.91351474943173
14,0,0.41899483255119685,215.60104724510842
14,0,2.8215223847974498,306.9371894295521
14,0,1.0305361920768386,277.49729173710165
14,0,0.4069945575841092,261.66226522896574
14,0,-0.48955136595011095,255.26539254207972
14,0,-0.39874268310043764,215.67016273993914
14,0,1.3409777338137485,282.0188154791742
14,0,0.5144236616113707,239.44200652891251
14,0,-0.8440620422789804,231.70743754904626
14,0,-0.161199673911998,247.4034256622421
14,0,0.34252843806122363,250.54673395781919
14,0,-0.8860388754065346,234.57581539545365
14,0,-0.3507805115525342,256.16107894324136
14,0,-0.584769771146162,233.16636065157718
14,0,3.0634161397851716,295.4621132797045
14,0,-0.7232132294612588,230.46042724689704
14,0,-0.47381849616766075,261.62081706150116
14,0,1.0988730853276583,265.05398745994813
14,0,0.2619616160256858,247.62101243538604
14,0,-1.1209554931341832,211.8062922069751
14,0,-0.22510284559096042,203.10134044667205
15,0,-0.17484080529457866,230.55088506954803
15,0,0.54705121017974,270.0334409891622
15,0,-0.27353404623856176,261.40501164024363
15,0,0.9198711702123,262.0034638366827
15,0,0.33003990520479193,279.87628116329944
15,0,0.02458760950260171,258.36603840072434
15,0,-0.18960288511588652,302.1166756055291
15,0,-2.2090959462731456,226.25288794875917
15,0,1.037519929466901,282.2600653389298
15,0,-0.026001802584278994,266.7486873616726
15,0,0.6946974340636833,257.0606881012292
15,0,1.1000923636690403,252.9099177622202
15,0,1.0447962408840217,258.76088392821305
15,0,0.9453326286245055,301.07389119183773
15,0,-0.2272526542775664,270.1941603949566
15,0,0.8802451105056386,266.0387962668305
15,0,1.2783284766488467,272.9183178903099
15,0,0.5696387206875188,266.59317285135666
15,0,0.06261793257826347,230.75259009483784
15,0,-1.9858166373861939,195.7057290845879
15,0,-0.3293495033778023,291.64847549693604
15,0,1.6315601716469772,295.0264104494137
15,0,0.8990460563912035,256.2860017738408
15,0,0.13191958682494626,279.70101644403906
15,0,1.4421940811770328,274.97553792536013
15,0,-0.14665970594219896,254.49564523084604
15,0,-0.7055506668206032,269.46240652569287
15,0,0.5328864347627107,266.0800260018699
15,0,0.6483215415616816,273.5219719842711
15,0,1.0734798290255951,320.2858739667757
15,0,-0.9448300600354677,238.06598897900247
15,0,-0.12249924730869931,262.6573781250397
15,0,-0.515034627393685,263.5937373734786
15,0,-1.0490949524408826,252.1154320749043
15,0,-0.45984417935702643,259.1051454430496
15,0,-1.8004066089123916,248.88710093644596
15,0,-0.9777619601549755,261.3178189126929
15,0,0.5352477439279362,275.74718663082325
15,0,-1.7353754430154495,242.93537576631167
15,0,-0.11625609051297014,252.04771359900184
15,0,0.5229120326629925,229.73129626235732
16,1,-0.5527293342454725,337.5380554175567
16,1,0.5607127454822839,317.96094307061355
16,1,0.9753731117834177,306.6551203972714
16,1,1.0285560512851042,338.42922829230633
16,1,0.5717489365790024,336.11176929405474
16,1,-0.48231170608971724,308.04718620580365
16,1,-0.3212227571555717,294.05578609397355
16,1,-1.6205280916702312,283.25883373091204
16,1,0.12688036064130848,322.6014653355162
16,1,0.23450083357844767,292.04133396772363
16,1,0.13504594503535808,313.25832562106626
16,1,0.6316989217833785,288.9514580895643
16,1,-2.2802453395780886,277.16565155101966
16,1,0.3347406008579523,322.28585592270565
16,1,-0.1518645360422116,339.0484969901301
16,1,-0.142499193707811,316.8556049457965
16,1,-0.20935578368643373,299.2737839958309
16,1,0.10132335202948105,294.6979483336143
16,1,0.44939823538606977,291.29755631264607
16,1,0.8378071268260141,349.33049363873675
16,1,1.8856120366538827,322.0983288263754
16,1,-1.5791762840266337,267.59625829976926
16,1,1.2113825788912347,355.01558637637277
16,1,1.3045849000656038,304.50217382194796
16,1,-0.5203048115284602,258.72465525906534
16,1,-0.10671339017710962,318.17245094239445
16,1,-0.4847667521900458,291.64237811675633
16,1,-0.01222982185518115,328.61930504413795
16,1,1.086265120891958,345.2390178087351
16,1,1.0608943290330075,315.95011948286856
16,1,-0.9284555367711887,297.4575457302146
16,1,0.8933378159342383,352.5644620437015
16,1,1.2229856476290208,314.2779328164687
16,1,0.35832224417890784,329.5879866949019
16,1,1.0067022997813015,338.73140051684857
16,1,0.9237866610465743,320.58937970856897
16,1,-1.176514517376163,311.74426504938685
16,1,1.5692128804215715,347.79220863529525
16,1,0.15605544081036155,350.9550594746197
17,0,0.513435290202552,240.2203952116235
17,0,0.9602017013131485,277.79770182646206
17,0,1.305224147801302,281.7613353309159
17,0,0.6017486007006676,235.23728632564783
17,0,2.2138032991124796,283.8954897376312
17,0,0.13655999391610002,238.8947537535643
17,0,1.2573243165893797,283.7228569671146
17,0,0.7400690115855219,250.7531874444661
17,0,0.3301426263186289,267.21023089498664
17,0,-0.3049506640117544,254.57659227029833
17,0,-0.1815661521457775,237.22167077595785
17,0,-0.7938491225037706,236.64255215546922
17,0,0.0529976339412658,284.05583237678013
17,0,1.921825200189777,275.3442771261244
17,0,0.25177550392654297,260.92017115012266
17,0,-0.6679938627053658,245.11614449180462
17,0,-0.16522695533014567,265.93996213691196
17,0,-1.258893542240305,236.9560903234134
17,0,0.1586575468815813,285.47776039173687
17,0,-0.12599567295116404,254.62282514937354
17,0,0.8906470699044536,244.2432042314738
17,0,0.5464982010346746,230.1368954179228
17,0,0.7704548759120823,230.73751441006556
17,0,0.7174792805255471,227.1131932895857
17,0,0.6416045579406645,236.49566466633067
17,0,-1.3958937872959487,225.62255972500552
17,0,-2.4435933560975185,230.709258902215
17,0,1.4055435241046546,295.6703384629804
17,0,0.035631323867490274,238.14598277122718
17,0,-1.2584929416353907,271.114615739825
17,0,-0.3035978081563839,231.89563360179525
17,0,-0.674162585241753,225.72209669861968
17,0,1.4427004658675147,282.33390088685184
17,0,0.369439964426718,256.5480060258211
17,0,0.18990615196779773,234.1057772079298
17,0,0.6537875105891375,290.7970716312367
17,0,1.1965491754135864,260.61438399516015
17,0,0.6844150267529088,240.20893416799018
17,0,-0.5622453007221683,256.47948990749904
17,0,0.544009628256903,222.22494449843347
17,0,-0.7476938727403126,237.597920984586
17,0,-0.9807298273402921,214.7289301332645
17,0,-1.2779983210192798,266.0155598302506
17,0,-0.31797332899091885,250.11666019879522
18,1,-1.0337579385101434,307.86951937619483
18,1,-0.18723000049452265,296.615048918122
18,1,-0.29188292818647177,277.98650484770775
18,1,-0.5942173391914692,288.43731248951315
18,1,0.8051134297336163,351.80699324352867
18,1,-1.3008282583707718,340.72568857795426
18,1,0.29475463205423413,331.9027225373979
18,1,-1.094284975967944,303.2677065297652
18,1,0.2964055571439664,303.4485955742113
18,1,-1.1841873005339971,325.2275894371535
18,1,2.1169953809673836,331.07793727680007
18,1,-0.10582729016300958,291.4557078243664
18,1,-0.34010646216208634,270.09193250883953
18,1,0.5583377544150847,360.18810818364966
18,1,0.0662098389486234,310.59892822066314
18,1,0.5081558802313142,318.54613247268514
18,1,-0.9357865929858893,307.7373731484177
18,1,1.458701447197445,385.6419198541994
18,1,1.874053743803587,377.1231862918356
18,1,1.074954599345324,314.6303371227888
18,1,1.545765828773461,339.8028076117868
18,1,-0.46396553574198884,337.05951276180735
18,1,0.48862984874260956,330.854563066028
18,1,-0.44968544462651555,313.35129421981213
18,1,-0.5652756670404893,281.03407389824656
18,1,-1.5621665434370313,244.795682798938
18,1,0.12734648762736595,352.72856315420296
18,1,0.3608605458992174,344.8032122458415
18,1,0.2688601724988274,330.6967609286909
18,1,0.22121377619342064,323.6447224922419
18,1,0.2224534873856178,334.04445604482976
18,1,1.1643416769499324,359.98245305156155
18,1,2.0020567770637565,335.11959209037343
18,1,1.085158252872561,346.8674285003568
18,1,-0.3118714818034433,301.09320897670295
18,1,-0.16044745824827297,312.09887106669174
18,1,-0.7521928750710338,306.8510542121429
18,1,-0.18792989711894117,333.39437913002797
18,1,1.0959636905421646,344.05609646849507
18,1,-1.6911230942393267,298.8913565329837
18,1,-0.051994697410418164,335.79969461580635
18,1,1.848439054705695,324.24733735592343
18,1,0.8245612064985182,336.9881648647928
18,1,0.2683490193645886,308.48186241212886
18,1,-0.04203834260327431,326.45717443034397
19,0,1.6583808068841257,252.36069719104236
19,0,-0.8499279185327072,194.1602780621514
19,0,0.32572179324228734,233.377152100679
19,0,0.8852007231128782,228.81924021911215
19,0,-0.7244385910354492,209.01412793529133
19,0,0.6478215577437568,277.95486824279635
19,0,0.2615416337710876,198.60141484333116
19,0,-0.9422706883380947,180.81775265117884
19,0,0.5388279145699743,261.6207832159655
19,0,0.6581837032791867,284.46577400619606
19,0,0.37941922588383764,231.4568611023631
19,0,-0.7075454243474493,222.32786938806342
19,0,0.8682294971893275,238.20170788450756
19,0,-0.029643250592929323,246.9284445545975
19,0,0.909804445254778,213.78183977403063
19,0,-1.6254808346617373,195.91883878797108
19,0,-0.0740387069325418,209.8179797502212
19,0,0.4067367361657686,244.19804099977978
19,0,-1.241277183595072,200.6654130035907
19,0,1.3685946925481733,256.59088880361287
19,0,-1.017151032403891,186.3456989028027
19,0,0.279023351285087,248.77026987857704
19,0,-1.419831137874363,203.06784622930047
19,0,0.16365030444174494,226.19578005085802
19,0,-0.04922527579394666,192.59008707890072
19,0,0.013693237308160652,239.88823002704885
19,0,-1.0165373015878298,194.13945159753357
19,0,0.9804521720709258,269.9545796424974
19,0,-1.7211395022538116,182.14840704656228
19,0,-0.8184653471648833,196.99565728292882
19,0,0.5282373075819282,244.1431829397271
19,0,-1.4558858570747577,179.57957943043726
19,0,0.2153487831071195,231.7047024104008
19,0,-1.8674213552194998,206.54914786177633
19,0,-0.26275400613774236,248.6704534931428
19,0,2.863939329337271,262.5854623359565
19,0,0.31623104301304095,253.37561113624025
19,0,-0.7553342378639135,196.36683310198072
19,0,0.8367510295732248,229.70247757079454
19,0,-0.7336968007593867,229.98154907034652
19,0,-0.3082537254709801,251.26973340831282
19,0,-0.2750931262226074,222.79536709265415
19,0,-0.750807116907543,196.46283615990725
19,0,1.7251934550265635,274.1884135683306
19,0,0.41107757928758537,259.9356431144738
19,0,-0.07489531403215578,241.5292982727944
20,0,0.98383423691548,270.8525322759232
20,0,0.09811907223289858,237.57552232585883
20,0,-0.03338876717100397,256.2023569541831
20,0,-0.11937715710638286,204.8665851850369
20,0,0.6118034518386551,250.02745455362893
20,0,0.0798938558688436,223.30673905673785
20,0,-0.5704250135312818,251.47683426126744
20,0,-1.675386431622995,207.52415847165543
20,0,-1.7780643014571962,234.23039132562894
20,0,-1.0034888932413706,225.3034715302108
20,0,2.0755331117153233,304.72550851637726
20,0,0.42412423390199805,271.8913156725009
20,0,0.08094611353577508,249.9203464015471
20,0,-1.8270585074811279,204.91561631365045
20,0,-1.598902570710885,200.1116899066353
20,0,0.35594077472862984,252.55613926953546
20,0,1.6483010356214962,262.35414648889576
20,0,1.5867235983587076,249.640670864757
20,0,-0.7102407657252244,232.44070771284717
20,0,-0.7798233444260743,250.8855101378759
20,0,-2.184624996457443,185.12145681909476
20,0,-0.6929222073804399,270.55868756004327
20,0,0.6914748042836905,240.07135310983264
20,0,0.12088863750572897,267.93830028628884
20,0,-0.5995773569291538,190.96803014276443
20,0,-1.1337253710336246,234.5632609602664
20,0,-0.34912967567375525,215.16521413215742
20,0,0.7430767452537713,240.2108901056504
20,0,0.0022165398668500067,246.7031885127014
20,0,1.235747957409869,261.72619711221347
20,0,1.8624965606114228,238.85347420771728
20,0,0.9405972066856418,247.11668912484504
20,0,-0.8118159700174267,199.51407639773373
20,0,-0.86454226856647,184.53769300340917
20,0,-0.6342800119527275,223.29829105223843
20,0,-0.542958992163502,262.85877746823127
20,0,-1.5560842062623377,223.28667793335495
20,0,1.2996565500980937,228.01038816183615
20,0,-0.017350662282307854,209.07710508867763
20,0,0.1505100804458031,245.87512308696856
20,0,0.9940413906738605,251.4532668201397
20,0,-0.34882455703668647,224.08303254216435
20,0,-0.056594288225777126,230.26223610288417
20,0,-1.13384121720214,193.71044415232913
20,0,-0.4211694486709292,212.72928721658843
20,0,-1.2837429390104278,201.4314485167457
20,0,1.3804357191105108,254.32222179608806
20,0,-0.3569291841907571,228.61344361189182
21,0,-0.17332560772833844,221.0812876275374
21,0,-0.57481806439411,244.4889681835546
21,0,-1.3063145268106187,217.25450767463283
21,0,1.142108044118057,232.47946947823823
21,0,-0.4967378890694676,278.38442210656467
21,0,-1.5466912946287796,223.47696422711056
21,0,0.18547178114807686,223.88353158154814
21,0,-0.22802723915651532,245.20568389873574
21,0,0.8451663745260389,227.80232912531824
21,0,0.2164532824794961,278.48102007199316
21,0,-0.8270238341596526,250.0006626318248
21,0,0.3548351283023402,241.53969260925157
21,0,-2.3915351313831352,195.0014916692475
21,0,-0.025593066174649348,272.6042037785576
21,0,-0.10396434414536151,232.2681217144147
21,0,0.6850425541480616,246.52239600022074
21,0,0.26830034764347505,194.47982164234043
21,0,-1.2814882880135745,239.22949474880343
21,0,1.320659103113322,279.84312357650435
21,0,-0.5023287576748379,247.0329503381091
21,0,-0.5960534416449565,245.83224442264694
21,0,-1.8202349581848123,199.64211545454697
21,0,-0.6792603975902721,240.4885825383612
21,0,0.10193853779982637,246.36220177672462
21,0,0.2580837587142994,241.99564400224116
21,0,-1.2876394792482806,237.43189806373684
21,0,-0.3029860738797342,245.37529400418413
21,0,-0.4959449898399795,241.20277590802363
21,0,-0.8290209686892915,227.93646928851038
21,0,0.824546677593372,277.3978047303003
21,0,0.7804177466426463,224.22748898856182
21,0,1.2082309632461972,270.3840745619578
21,0,0.6175568116136815,241.39118840445735
21,0,-0.7175915242557767,211.83334995031743
21,0,-0.5339133459803495,198.83627444596274
21,0,-0.46417930289161546,217.5833072860529
21,0,0.011705953204287838,246.24057984027974
21,0,0.9744611524657141,240.05581092217224
21,0,-0.7272242160148515,231.92314219532096
22,0,1.2499108450021421,271.6879406442486
22,0,-1.3195445982117286,212.13436933251987
22,0,-0.13899842726709444,228.0629305014588
22,0,-0.6484955489040022,229.30096661597696
22,0,0.5688893168659664,262.06970958286746
22,0,-1.9392138020412497,219.73815107269812
22,0,-0.5267827089700836,233.62761565000577
22,0,0.7239112917844435,242.49492206740544
22,0,-0.5335282373979321,249.20002688562957
22,0,-0.009928719232589272,216.7398396317592
22,0,-1.1484145021490144,211.06256497899165
22,0,1.399510848171605,262.8232019193976
22,0,-0.3487180718350177,252.82430825327387
22,0,-1.6972228248748522,230.28897477419457
22,0,0.9105701787115763,245.39794317574675
22,0,0.1310238872690674,262.830239425837
22,0,-1.3933258472405432,219.99968448110312
22,0,2.850493038161385,279.51653559857596
22,0,-1.5996212438293098,186.94161538015044
22,0,-0.029079883454236958,277.03392230744396
22,0,0.2585180602480741,224.76966068344205
22,0,-0.4034062870067275,237.09882712723766
22,0,-1.2502433929891048,224.38004542760092
22,0,1.0630476483781661,311.2660194057224
22,0,0.3272309898893557,259.79993300492947
22,0,-0.6271044652223576,245.49917987370384
22,0,0.3675947091302711,260.34306288721547
22,0,-0.6699363405621998,233.49081300426369
22,0,-2.5682478865351754,208.2035027917398
22,0,0.17142962701645906,238.71740914339304
22,0,-0.7614263750340722,235.6717643093271
22,0,1.3280944056735762,273.52328806667384
22,0,0.9026548292837031,262.4957257567921
22,0,0.2839278862081529,197.4072368725793
22,0,-0.7182869980622563,260.3844923718771
22,0,1.0772025250003987,290.69483232069314
22,0,1.6676800870574242,260.81295383744646
22,0,-0.2765418468232039,246.22510511091116
22,0,-0.29194132739354534,252.17935983282476
22,0,-0.1534648295456838,236.30334648892767
22,0,-1.0952816778746488,207.05290606839026
22,0,-0.3268501478872814,230.88455541403712
22,0,-1.4795461744019096,199.36260313588602
22,0,-1.2570988159843064,165.83214600121522
22,0,-1.9736696829681937,221.4407565071385
23,0,0.011950407070606558,230.07002388599233
23,0,1.159178614027882,271.0124268983289
23,0,1.9176808451132257,295.4587233349701
23,0,-0.20260504301187748,271.254518156746
23,0,-0.6415215695681026,249.02023016614302
23,0,-0.3987087356199134,249.7170230269309
23,0,-1.1453485657435536,265.79737933657964
23,0,0.04546986634750536,267.13415407371167
23,0,-0.03921199999421678,284.0946685243805
23,0,-0.3450511047228959,246.38565271123986
23,0,1.0688933052163327,284.60439058863983
23,0,-1.0839002296704114,241.33540901525046
23,0,1.81972771823398,294.21270216488455
23,0,-1.592502711539108,248.49698305520133
23,0,-0.4177737598851321,262.0784073292348
23,0,0.2431789095881825,274.2239039782349
23,0,-0.48234057107705464,271.4302832581041
23,0,-0.3971902400860438,256.44425442932123
23,0,-0.5533186511928491,261.82114860771526
23,0,0.05025296624779085,275.39811456853056
23,0,0.6163798508949233,258.3497198909711
23,0,-2.024076367842959,212.76401588625558
23,0,0.713381507920432,292.9785081399755
23,0,0.17839926817150162,264.52223108958026
23,0,-0.6229414126199276,286.604094194543
23,0,0.17200113215920623,300.6342868820535
23,0,0.9192878470791302,267.54476904657946
23,0,-0.810337840029012,229.51908012339203
23,0,1.1720733192991977,284.5111263899448
23,0,-1.1716622222078426,235.38125161609338
23,0,-0.6350705782703061,211.67342857951422
23,0,0.22901228398334916,233.43584032138773
23,0,-0.3615235168495968,255.04967983872777
23,0,-0.25905012178326614,276.40896279289666
24,0,-0.2677490517958272,244.44503208032083
24,0,-0.6363618317852284,250.8437913946746
24,0,-0.6958467291484971,232.42555277491584
24,0,-0.8670369024602314,279.4558119606984
24,0,0.5469577152594033,273.9166604074871
24,0,-0.570869339635964,236.66745999086103
24,0,-0.8629893631052769,241.23754338306827
24,0,1.5556017232656385,266.767189819189
24,0,-0.10070012049847105,245.55030489081972
24,0,-0.742995946768483,269.6590539736207
24,0,-0.47642179511937516,279.65855053354767
24,0,0.3231784287237501,263.89984598948155
24,0,-1.8649315322015956,234.09683287358553
24,0,0.15978832429374912,234.83825815101847
24,0,-0.9553731679228842,242.60397030904315
24,0,0.675714509339373,270.61398706393334
24,0,0.1277207130536057,254.2918270817218
24,0,-1.629955040219717,242.59376412456385
24,0,2.0255261695768425,270.81019338580205
24,0,1.4850865548087644,274.87099962746714
24,0,0.07729848622562195,283.85257386421694
24,0,-0.31809687400484915,275.74578165694487
24,0,-0.32233584484330063,252.7061883107339
24,0,0.3816550301549589,291.2040411557014
24,0,-0.332898189254115,284.695906820763
24,0,0.5083368908012071,309.4831283924758
24,0,0.07299385850663158,278.1006996986558
24,0,0.1906913837821485,260.53212462804373
24,0,0.6484852694073112,237.19662229039193
24,0,-0.050596038069188574,294.4191074575989
24,0,-0.9592825285979801,238.74269483850358
24,0,2.022767160320008,301.73958629384595
24,0,0.9718595148260496,301.8023441606182
25,0,0.9543214735779025,251.95188007835768
25,0,0.8813273754450893,288.39531293458316
25,0,0.38609779278801387,229.7328488906874
25,0,0.1599666494852629,277.7544090554725
25,0,-1.0221807360628987,237.6192250835467
25,0,-0.9117191479984037,209.77231359086727
25,0,0.052114196583906605,247.49581875900446
25,0,0.4480100776242014,262.5504332417814
25,0,-0.8426789823605699,248.683322307582
25,0,-1.3094466811478889,256.54510786917876
25,0,-0.0037565800186165448,267.6862615906423
25,0,-0.8197147171112514,244.11697973879052
25,0,0.8838267619043142,222.6426251249123
25,0,-2.0825252615292635,233.34471064864755
25,0,-1.027038294128131,213.98560457928605
25,0,0.6143096218375372,245.77121332826658
25,0,0.18293941047799936,253.51855580313722
25,0,-2.150682488557199,216.3391074856219
25,0,-1.8666559253368833,212.89649791441167
25,0,-1.8439835557876985,215.54871774427215
25,0,1.1707106215787273,266.97203836725146
25,0,0.7577610549003829,261.49441930931135
25,0,-0.40282499574046454,240.31136511619164
25,0,0.6052500803572848,234.64210820235738
25,0,0.1928972229244693,259.08083042042114
25,0,0.4424711924728393,269.7264044899787
25,0,-0.3301604951449624,235.03254967146947
25,0,-0.774013078079484,246.69412121765205
25,0,0.2852622909044368,276.94506839738415
25,0,1.5883917761110287,298.52677120829065
26,0,0.6255001884011064,278.93526352799256
26,0,-0.4824223752908458,244.9741755907703
26,0,-1.8477565383044898,203.91736589789977
26,0,0.38825256500307725,263.0298299144478
26,0,-0.6553381491599937,219.68303092015552
26,0,-1.4268303008025092,229.05870733507464
26,0,-0.10470336248053765,209.8331239593543
26,0,0.1711972195353647,235.13467185305987
26,0,0.999915973052811,264.80133750524493
26,0,0.9246440505466955,295.4866953393087
26,0,-0.18969503229725393,249.6147748073617
26,0,-0.25123681107429513,211.96330135893803
26,0,0.8643836393216915,292.2191364941473
26,0,0.36687164516575954,262.60685929287627
26,0,0.7798446927150947,259.4835723131126
26,0,0.9396834599359868,256.0466485028492
26,0,-0.32667557445210227,221.55875161166114
26,0,-0.22215291026077694,233.9042941645317
26,0,0.8257702977669582,269.89020885224363
26,0,1.067205427804449,252.68313029266488
26,0,0.20368740211955577,238.09521912128363
26,0,-1.0098364493197791,210.7702527676626
26,0,-0.4209874695431201,200.31662476479394
26,0,-2.1881786428186274,188.21968253887073
26,0,-0.756153125003708,179.08830934868098
26,0,0.8044515035304421,237.96692094279743
26,0,0.4038211761443013,263.4936293512411
26,0,1.562069877192933,249.81542543359654
26,0,-0.7959628267295124,247.12984922547918
27,0,-0.5956065275240334,215.87010494445343
27,0,2.07000460026276,239.78306241151358
27,0,0.5089503261743542,256.92733014074383
27,0,0.21365499246330566,265.49150066044785
27,0,-1.1494066293412024,231.39203243952727
27,0,-0.5118291483655703,203.52921043514704
27,0,-0.3669014561398156,232.5928916427676
27,0,-0.7620069726716564,239.42143872675655
27,0,0.10305915370842497,276.66516213074215
27,0,-0.2590198958098674,234.59480151729952
27,0,-1.8464612963388929,199.79183909828777
27,0,0.04163863211491057,251.78159850924817
27,0,-1.252815079431877,240.85686887418981
27,0,-0.38465878587152863,218.48610050015606
27,0,1.1612387777581676,249.40478453446988
27,0,0.004965593220630282,247.2524839178471
27,0,-0.09125201250219998,204.55505817635157
27,0,-0.3973710147762437,245.37680426185995
27,0,-1.181780492521526,224.31325516803116
27,0,1.1816185835666164,233.20494808038097
27,0,0.6293170096033344,249.22217885221846
27,0,0.5076742443390642,289.35820431232264
27,0,0.04536999488661235,264.0546935043399
27,0,0.9295536252452605,264.4277430936401
27,0,1.8643794132257534,241.60161699922483
27,0,-0.46521661832963346,256.9408056159111
28,1,-0.15488743327943644,324.1739662486098
28,1,-0.012126890413286896,304.29776149754
28,1,0.561439752756277,292.7759019346257
28,1,2.20717370064943,337.34237766102143
28,1,0.08025939082819607,342.7354447970214
28,1,1.0318442014816143,330.60436422448976
28,1,-1.0067725096664777,263.96225284628963
28,1,-0.46512732648759986,335.5055699219388
28,1,0.18487413975718087,304.93684622345774
28,1,-0.4818307709891226,322.5345217981973
28,1,0.4152146665748295,312.44728413437366
28,1,1.6869092151683407,335.05759214759047
28,1,-0.9297428017222192,284.1697966593108
28,1,-1.6599410248185724,310.0174667119193
28,1,1.1405407360111648,307.74288372713056
28,1,0.2714988215244638,298.05195362755296
28,1,-0.1954194409710381,329.0555914757642
28,1,-0.245218787749408,295.2107175315016
28,1,-1.298070137854065,276.86307474650425
28,1,-0.4534704262432277,310.5193252026006
28,1,1.3757130910495767,318.5014431071001
28,1,-0.9939769184816231,356.48998793478256
28,1,0.7155846823491623,278.47728659980856
28,1,-0.47450566997111043,278.2005832979962
28,1,0.23219330804091826,309.59036339965866
28,1,0.7159412117827731,294.0218934827136
28,1,1.5624959899854916,347.83581919412796
28,1,-1.1760591507720106,292.15906076790316
28,1,-0.5049892077802852,336.1642509752757
29,0,0.25298500410941976,250.23418048976322
29,0,0.4933621389790732,258.3050924123826
29,0,1.4410201212583849,270.7892090881567
29,0,0.14899163397522214,236.1045722032285
29,0,-0.0820591702031938,218.38193812308603
29,0,1.1788812253898473,240.33229843598534
29,0,-0.5668536341015982,217.1352877994313
29,0,-0.9252573160669487,225.04274458365867
29,0,0.8402923002047044,284.31969481673207
29,0,0.09988055547489204,242.1966817137061
29,0,1.6098158115246128,256.37829718098106
29,0,-0.10003792549411733,247.64153150941547
29,0,0.10445704582989121,224.7445746964795
29,0,-0.6663112373264269,259.58924648465256
29,0,0.48418630832412857,275.2261555277077
29,0,-0.40869144743234087,255.37352159603458
29,0,-1.3690785083376331,197.47352668333244
29,0,-0.8192805961307735,206.30132471142377
29,0,-1.0409513132663195,248.87166550540442
29,0,0.4457361852329962,252.53014481722636
29,0,-0.8493373992515942,262.68763633299636
29,0,-0.2942230272530893,232.7493895570009
29,0,0.019482165108390292,227.68695739648408
29,0,1.220807113141908,276.6260597365205
29,0,-0.09228080299334869,241.1777092386843
29,0,0.2027774930083638,246.53034636359135
29,0,-0.2927542998310199,222.4621591472293
29,0,1.0032245179105468,221.439937533701
29,0,0.8299101895416533,246.07760802001445
29,0,-0.325940907024956,240.79224356329644
29,0,-0.537591208270147,269.37834175888133
29,0,-1.2394730767110826,190.7008043357792
30,0,0.4112004568279799,217.6602925719086
30,0,0.7424400749890105,238.1615517942506
30,0,0.23524916773624271,217.1267280415537
30,0,0.19674208428390935,239.93787624636946
30,0,-0.4115820493348678,223.99747974502884
30,0,-0.21630590401888203,243.94927454723592
30,0,-1.8660400903751455,183.42553864760683
30,0,0.11775774630565086,221.04286301458976
30,0,0.9454248221142344,219.05582222781123
30,0,1.4698219989590884,236.51618259545012
30,0,0.3833440457936889,243.05939744862113
30,0,0.6396759633837418,223.5888556124243
30,0,-1.4155803118202421,189.1329971724942
30,0,1.1275640596819458,209.3139583600183
30,0,2.377262842653659,238.61119459960702
30,0,0.5183143669286759,228.2205336287662
30,0,0.6772550059894274,227.60200464861694
30,0,-0.12592768917074404,249.15094618839066
30,0,-1.0595471063654065,236.56003294467297
30,0,-0.9197829366484813,217.22909185868446
30,0,0.47599440902921186,284.9911218654008
30,0,-0.7283553271902395,193.9821971101624
30,0,0.014268597321312125,201.50413391415427
30,0,0.5936472238450144,279.2813756441509
30,0,1.3974438557065207,247.84414617936372
30,0,0.3279087127568463,233.3500830413693
30,0,-1.8604425247949392,152.93840099432293
30,0,0.07883865123364288,218.34784481574636
30,0,1.003617882173433,291.86337313433353
30,0,-1.1092107021563375,188.7138350831794
30,0,1.2603456326672449,246.9782742780846
30,0,-0.29009666672932316,240.60981825922013
30,0,-0.2994792890959541,212.1458260866632
