ano,id_municipio,municipio,desmatamento,pib,impostos_liquidos,va,va_agropecuaria,va_industria,va_servicos,va_adespss,emprego,remuneracao_media,co2e
2021,4200051,Abdon Batista,164.6,75124000,3508000,71616000,29846000,3426000,16047000,22297000,914,2502.779420131296,101605.87832905
2021,4200101,Abelardo Luz,726.6,785840000,53710000,732131000,253354000,99916000,278831000,100030000,6650,2085.668064661658,385477.3709719199
2021,4200200,Agrolândia,138.1,396094000,32097000,363997000,55176000,127227000,119916000,61679000,5935,2064.078107834887,148662.2415611701
2021,4200309,Agronômica,95.2,232870000,25153000,207717000,69700000,46954000,58176000,32888000,1767,2151.0018902094,110857.73934298
2021,4200408,Água Doce,794,651064000,36699000,614365000,194892000,226008000,145746000,47718000,3142,2108.847749840872,496326.7118416602
2021,4200507,Águas de Chapecó,114,137688000,5880000,131808000,51529000,8298000,36800000,35181000,935,1997.685465240638,96103.85457775004
2021,4200556,Águas Frias,63.2,163064000,20819000,142245000,31273000,29827000,63103000,18042000,1083,2303.187617728526,72288.09211519003
2021,4200606,Águas Mornas,95.1,199557000,11944000,187613000,51585000,22261000,77952000,35814000,1781,2081.464126895005,90845.91712464
2021,4200705,Alfredo Wagner,394.1,336432000,13871000,322561000,153641000,17233000,108381000,43306000,1976,1851.265475708502,250955.0040873101
2021,4200754,Alto Bela Vista,75.2,78990000,4443000,74547000,31861000,9183000,16669000,16835000,422,2402.293056872035,82208.85534782996
2021,4200804,Anchieta,179.1,203784000,13900000,189884000,64150000,34189000,56847000,34698000,1665,1989.891495495496,144316.8608421099
2021,4200903,Angelina,182.7,174544000,6336000,168209000,76673000,17930000,45574000,28031000,1198,2062.804181969947,108216.771005143
2021,4201000,Anita Garibaldi,412.4,231485000,10237000,221249000,85974000,26830000,64154000,44290000,1691,1878.908858663515,162699.24515017
2021,4201109,Anitápolis,175.4,84556000,3496000,81060000,30441000,5422000,23866000,21332000,702,1870.398931623932,48285.96291629002
2021,4201208,Antônio Carlos,78.4,796471000,82201000,714270000,244182000,184380000,230842000,54867000,4128,2165.798561046516,237795.636388032
2021,4201257,Apiúna,156.4,442404000,72187000,370217000,19360000,141487000,143951000,65419000,4561,2042.692376671782,61553.19839814003
2021,4201273,Arabutã,98.2,284398000,23205000,261194000,89179000,80032000,61044000,30940000,1268,2271.122121451103,142912.8832252199
2021,4201307,Araquari,214.3,7487636000,2534435000,4953201000,101624000,2605715000,2001609000,244253000,29246,2313.888601518157,726737.4235505202
2021,4201406,Araranguá,251.4,2384838000,228286000,2156552000,147412000,374540000,1319089000,315511000,26159,1988.056184487193,372947.2116045999
2021,4201505,Armazém,112.2,272041000,27583000,244458000,55432000,53709000,86730000,48586000,3572,1766.424742441207,124061.95005107
2021,4201604,Arroio Trinta,58.5,125939000,8217000,117722000,38018000,14179000,40800000,24725000,1327,2158.111770911835,81053.44606603
2021,4201653,Arvoredo,71.3,203863000,20315000,183548000,47415000,89090000,28716000,18326000,1603,1714.019663131628,105457.92326688
2021,4201703,Ascurra,38.7,244941000,26815000,218126000,10123000,53552000,111381000,43070000,4105,1852.190246041414,49056.61965035998
2021,4201802,Atalanta,71.6,125964000,5857000,120106000,40859000,16356000,40024000,22868000,878,2089.744179954444,52576.33154273003
2021,4201901,Aurora,134.5,406893000,50793000,356100000,104160000,87274000,128488000,36178000,2850,2064.075754385966,104794.82702746
2021,4201950,Balneário Arroio do Silva,46.5,221814000,11604000,210210000,22435000,9394000,107539000,70842000,2086,1725.153619367205,44616.02440909998
2021,4202008,Balneário Camboriú,23.1,7357101000,825468000,6531633000,22555000,801990000,4537099000,1169989000,93400,2242.192252462514,365790.5053494901
2021,4202057,Balneário Barra do Sul,38.1,254540000,15795000,238745000,21374000,22997000,123418000,70955000,1887,2354.991595124534,41642.43900145999
2021,4202073,Balneário Gaivota,106.6,216920000,11032000,205889000,28838000,18804000,89479000,68768000,2476,1790.977572697898,72246.96985151
2021,4202081,Bandeirante,115.1,102204000,6323000,95881000,28332000,25085000,21729000,20735000,753,1937.165962815402,82603.08932332996
2021,4202099,Barra Bonita,68.9,52278000,1309000,50969000,26896000,2446000,6990000,14637000,263,2330.572053231938,50114.11096739998
2021,4202107,Barra Velha,115.4,2372107000,390499000,1981608000,63745000,209286000,1513133000,195444000,13828,2068.100966878793,215506.7102164099
2021,4202131,Bela Vista do Toldo,313.2,196838000,4981000,191858000,110209000,7114000,35097000,39438000,859,1924.804586728754,311929.3501994601
2021,4202156,Belmonte,78.4,57645000,2054000,55591000,20641000,1628000,14233000,19088000,456,2477.99701754386,70369.96478029
2021,4202206,Benedito Novo,157.2,470066000,60521000,409545000,20418000,210151000,118284000,60693000,4545,2124.880569856994,82689.79376824995
2021,4202305,Biguaçu,163.4,2669788000,363665000,2306123000,121061000,434964000,1379059000,371040000,26299,2359.8046134834,89854.65697623992
2021,4202404,Blumenau,166.6,20576440000,3184117000,17392324000,120512000,4729049000,10518655000,2024107000,217044,2595.042129153508,809776.4689963006
2021,4202438,Bocaina do Sul,304.2,135891000,4139000,131752000,78647000,6731000,22358000,24016000,839,1641.207842669846,182094.2038486399
2021,4202453,Bombinhas,12.9,877306000,62662000,814644000,33298000,125689000,484734000,170925000,11774,1949.372617632071,51198.37498964999
2021,4202503,Bom Jardim da Serra,64.5,371641000,6462000,365179000,159136000,117381000,59466000,29196000,1422,1621.84652601969,92457.80425223998
2021,4202537,Bom Jesus,58.6,160196000,16215000,143981000,27973000,39755000,55123000,21130000,784,2115.419119897961,36526.16564895999
2021,4202578,Bom Jesus do Oeste,59.3,73695000,3034000,70661000,31422000,5716000,16617000,16906000,423,2229.828888888889,52163.98390142998
2021,4202602,Bom Retiro,499.6,422319000,18908000,403410000,199308000,30126000,121652000,52324000,2703,1666.669030706622,301479.14596213
2021,4202701,Botuverá,59.7,430570000,66732000,363839000,17497000,233967000,77229000,35147000,3388,2620.750646399058,45763.19204337998
2021,4202800,Braço do Norte,153.1,1744713000,212114000,1532599000,152487000,453273000,741363000,185476000,21478,1954.190917217616,380258.33085466
2021,4202859,Braço do Trombudo,63.1,250118000,34114000,216005000,16316000,116820000,54646000,28223000,1787,2527.173486289872,69805.74453728
2021,4202875,Brunópolis,271.6,137952000,5378000,132574000,73419000,4470000,37148000,17538000,600,2030.993816666666,119027.51409522
2021,4202909,Brusque,116.6,8723259000,1672678000,7050581000,6559000,2672274000,3560988000,810760000,85267,2262.368270022396,487089.599692542
2021,4203006,Caçador,646.5,4702908000,709303000,3993605000,207717000,1946839000,1441622000,397427000,42979,2230.854851206407,466150.2502773399
2021,4203105,Caibi,143.3,316744000,25472000,291273000,79138000,73930000,101801000,36404000,2533,2094.5836162653,173895.1840112301
2021,4203154,Calmon,328.1,97685000,3090000,94595000,52355000,2924000,14892000,24424000,1261,1615.610142743855,148184.4720213199
2021,4203204,Camboriú,92.9,2242100000,275000000,1967100000,43032000,309160000,1173804000,441105000,22156,2031.497437714382,210345.86647521
2021,4203253,Capão Alto,447.5,235012000,12337000,222674000,115897000,25046000,54280000,27451000,1050,2101.086085714286,231877.7232463198
2021,4203303,Campo Alegre,282.5,699636000,85926000,613710000,51047000,320170000,173285000,69208000,8595,2072.336539848749,161691.5612819601
2021,4203402,Campo Belo do Sul,618.5,333003000,13027000,319976000,188441000,21834000,66417000,43284000,1956,2018.114683026583,233387.3658823899
2021,4203501,Campo Erê,386.8,437780000,29452000,408328000,125540000,43499000,189904000,49385000,3137,1818.451026458398,196665.19280714
2021,4203600,Campos Novos,1371.5,2610111000,308892000,2301219000,443451000,582969000,1040505000,234294000,18038,2278.072127175953,765923.6662393396
2021,4203709,Canelinha,83.4,295596000,32473000,263122000,7096000,76480000,112168000,67378000,4390,1900.426362186787,85076.00082998996
2021,4203808,Canoinhas,786.5,2202873000,178884000,2023989000,475770000,319175000,942426000,286618000,20304,2088.654359732061,974917.79415154
2021,4203907,Capinzal,193.9,1070601000,117861000,952739000,90411000,327168000,406433000,128727000,15017,2073.332130918293,214290.5395625499
2021,4203956,Capivari de Baixo,48.7,1348473000,40380000,1308093000,15546000,904009000,241581000,146957000,7680,2459.748940104176,10435427.2418866
2021,4204004,Catanduvas,134.4,530828000,62199000,468629000,43939000,170808000,191096000,62786000,5806,1983.191632793662,115677.8465028199
2021,4204103,Caxambu do Sul,116.5,164133000,10052000,154081000,55787000,22787000,50020000,25487000,1011,2233.417715133532,64674.09082223998
2021,4204152,Celso Ramos,143.4,65897000,3722000,62175000,18778000,3399000,17365000,22633000,681,1982.863142437591,74213.37208061
2021,4204178,Cerro Negro,249.3,141410000,3262000,138148000,85043000,5004000,26593000,21509000,414,2250.222173913041,138447.39937511
2021,4204194,Chapadão do Lageado,81.6,97926000,2774000,95152000,51856000,4619000,17078000,21599000,467,2065.894068522484,53335.86456892
2021,4204202,Chapecó,498.5,13693104000,1732227000,11960877000,253596000,3391773000,7092059000,1223448000,152784,2439.506841619554,1423550.82008717
2021,4204251,Cocal do Sul,45.6,885040000,133842000,751198000,32311000,326054000,289640000,103193000,8296,2627.944998794608,94615.41090261
2021,4204301,Concórdia,599.7,4559276000,550438000,4008838000,312111000,1115347000,2177177000,404203000,49768,2255.910737019781,1014659.21971325
2021,4204350,Cordilheira Alta,67.6,434564000,54921000,379643000,56052000,54185000,236357000,33049000,3351,2366.210632646966,81222.3144591499
2021,4204400,Coronel Freitas,186,381539000,30720000,350819000,94459000,85010000,115361000,55990000,3182,2097.50409490886,223004.9260625401
2021,4204459,Coronel Martins,94.4,57373000,2102000,55271000,22265000,2196000,13501000,17309000,287,2353.756829268292,54902.23262186995
2021,4204509,Corupá,128.6,797518000,68776000,728742000,208628000,210017000,219273000,90824000,7639,2173.294492734649,69459.83228094995
2021,4204558,Correia Pinto,479.8,591259000,57644000,533616000,91134000,207126000,158936000,76419000,5193,2075.611255536305,367562.15383282
2021,4204608,Criciúma,194,10063805000,1605420000,8458385000,56718000,2256262000,5045689000,1099715000,117626,2304.053779776567,1224663.639096621
2021,4204707,Cunha Porã,182.8,927504000,121530000,805974000,102198000,199388000,442173000,62215000,4908,2107.643441320297,206122.3463163501
2021,4204756,Cunhataí,41.8,66618000,2752000,63867000,31377000,2750000,14784000,14956000,497,1861.602997987926,75450.35266696004
2021,4204806,Curitibanos,685,1875114000,191203000,1683911000,116615000,579518000,794144000,193633000,15245,2055.987498196123,404266.19831036
2021,4204905,Descanso,238,298972000,17024000,281948000,110542000,16283000,112910000,42213000,1874,1922.32615261473,254785.0454634701
2021,4205001,Dionísio Cerqueira,313,636238000,114984000,521254000,99876000,23509000,313593000,84277000,3301,2019.7754862163,172609.91719558
2021,4205100,Dona Emma,113.4,165716000,12577000,153139000,30065000,55780000,40409000,26885000,2081,1778.623623258049,94889.99909659
2021,4205159,Doutor Pedrinho,119.1,175696000,30298000,145399000,11819000,73014000,35034000,25531000,1564,1965.166086956523,58151.14706062998
2021,4205175,Entre Rios,60.4,61375000,1871000,59505000,22462000,1574000,13411000,22058000,417,1798.982470023981,30341.41881828999
2021,4205191,Ermo,61.3,176541000,16800000,159741000,39966000,59779000,43240000,16756000,1754,1919.713722919045,100014.50770383
2021,4205209,Erval Velho,162.4,183128000,11753000,171375000,66925000,17160000,59709000,27581000,1448,1973.547714088398,130535.70421791
2021,4205308,Faxinal dos Guedes,271.9,758314000,111924000,646390000,192990000,181042000,206135000,66223000,6001,2150.316445592406,252653.1385950399
2021,4205357,Flor do Sertão,45.1,64273000,4402000,59871000,18857000,8933000,16369000,15712000,624,1998.873301282051,35832.1802508
2021,4205407,Florianópolis,180.5,23555034000,3735531000,19819503000,75454000,1668521000,15080495000,2995033000,470837,3797.715054997824,1172824.688856317
2021,4205431,Formosa do Sul,78.8,78629000,4031000,74598000,26169000,6717000,22909000,18803000,534,2312.1797752809,67550.99474214995
2021,4205456,Forquilhinha,170.3,1224362000,132626000,1091736000,136864000,372130000,436555000,146188000,13734,2034.614078200099,228424.5412548898
2021,4205506,Fraiburgo,438.1,1273454000,135634000,1137819000,203801000,212520000,517862000,203637000,18364,1758.318057068179,322847.68889174
2021,4205555,Frei Rogério,128.7,102093000,3310000,98783000,51735000,5304000,24721000,17023000,462,1831.818506493506,60042.95201638999
2021,4205605,Galvão,122.5,99952000,5847000,94104000,29836000,9199000,34290000,20779000,557,2313.750682226212,57286.36618952
2021,4205704,Garopaba,56.5,773131000,84220000,688911000,20305000,81396000,446226000,140984000,10896,1937.544260279006,62337.02483986001
2021,4205803,Garuva,123,2033119000,421397000,1611723000,43213000,920162000,530073000,118274000,7052,2181.96746738514,186037.19676819
2021,4205902,Gaspar,173.6,4156791000,628993000,3527797000,29665000,1404848000,1718321000,374963000,44136,2210.360812941837,358721.45736468
2021,4206009,Governador Celso Ramos,40.2,449622000,35253000,414369000,60335000,39739000,202190000,112105000,5090,2144.102420432224,42832.37179267999
2021,4206108,Grão Pará,185.5,329139000,27249000,301890000,101341000,68402000,90954000,41193000,2976,1786.044028897846,155997.9156863999
2021,4206207,Gravatal,128.1,387231000,31476000,355754000,26387000,99883000,166614000,62871000,4660,1889.185418454934,99182.7880918
2021,4206306,Guabiruba,45.3,1262670000,295351000,967319000,4391000,414380000,416582000,131966000,10929,2386.121331320344,80787.57727852995
2021,4206405,Guaraciaba,276.9,454591000,35065000,419527000,144044000,58086000,160020000,57376000,3702,1901.214864937868,215612.3819646101
2021,4206504,Guaramirim,175.7,2514108000,377479000,2136629000,74200000,779461000,1014529000,268440000,25182,2354.457865538879,801088.0041808499
2021,4206603,Guarujá do Sul,83.4,202542000,21486000,181057000,35257000,44677000,68813000,32310000,1626,1925.365756457564,50753.67000185997
2021,4206652,Guatambú,155.4,354963000,45517000,309445000,72173000,125695000,78228000,33349000,4218,2038.140789473687,85492.09166156994
2021,4206702,Herval d'Oeste,150.7,623924000,58547000,565378000,50454000,120446000,271226000,123252000,7104,2296.339814189193,153892.15789273
2021,4206751,Ibiam,107.5,75603000,3974000,71630000,36937000,7322000,11340000,16031000,495,2021.108343434344,83999.89773950994
2021,4206801,Ibicaré,104.1,145406000,9184000,136222000,58346000,15092000,40142000,22642000,1961,2978.31445690974,88885.72048717998
2021,4206900,Ibirama,102.8,599101000,65877000,533224000,25672000,152569000,245858000,109126000,10643,2002.11296251057,93896.87443199
2021,4207007,Içara,211.9,3521296000,425056000,3096240000,121901000,1133557000,1545288000,295494000,33997,2123.826150542695,349698.6310682799
2021,4207106,Ilhota,144.5,1215153000,242275000,972878000,57229000,201926000,623036000,90687000,6635,2050.745317256975,163057.1112830199
2021,4207205,Imaruí,270,252788000,7559000,245229000,89816000,32603000,71769000,51041000,2045,1612.782180929095,95085.71771915996
2021,4207304,Imbituba,105.5,2502431000,426019000,2076412000,55967000,317170000,1430963000,272311000,17237,2099.063539479028,459239.0039156302
2021,4207403,Imbuia,99.9,260667000,15473000,245194000,99350000,13599000,96338000,35908000,1477,1916.702626946514,70419.04294936005
2021,4207502,Indaial,112.6,3675475000,516277000,3159199000,26630000,1340329000,1412663000,379578000,42476,2093.96446722856,192283.3279264799
2021,4207577,Iomerê,76,227766000,18163000,209603000,76072000,69002000,42981000,21547000,1307,2111.146082631982,107800.61003465
2021,4207601,Ipira,111.1,107120000,4375000,102745000,36027000,6675000,30377000,29665000,778,2119.266696658097,152664.61863564
2021,4207650,Iporã do Oeste,154.7,381272000,26547000,354725000,142247000,26584000,136020000,49875000,2814,2013.34315209666,306928.85625619
2021,4207684,Ipuaçu,220.2,321467000,21237000,300231000,73961000,108964000,72397000,44908000,2921,1865.261694625128,76592.30311320991
2021,4207700,Ipumirim,194.8,465687000,45107000,420579000,95165000,155709000,123068000,46637000,5177,1874.386525014487,182427.1252868999
2021,4207759,Iraceminha,132.2,133794000,9370000,124424000,57592000,6888000,34903000,25041000,617,2201.062755267423,138427.6596701
2021,4207809,Irani,211.1,282643000,18225000,264418000,73491000,27432000,107232000,56263000,2894,1968.269122322044,211277.4080500801
2021,4207858,Irati,59.1,56613000,4097000,52516000,15730000,6023000,14658000,16105000,660,2040.281075757576,43230.18880244
2021,4207908,Irineópolis,386.6,458947000,23110000,435837000,192747000,22012000,155114000,65963000,1669,2297.901485919708,475823.9743353202
2021,4208005,Itá,132.1,404686000,47177000,357509000,68268000,111758000,131262000,46221000,2812,2230.478602418209,138858.2293441699
2021,4208104,Itaiópolis,679.3,1047601000,79341000,968260000,322531000,233665000,291322000,120743000,7029,1949.635828709628,935139.1017924808
2021,4208203,Itajaí,186.1,47754802000,21258891000,26495910000,101270000,3907186000,20854294000,1633160000,167485,2527.012131235698,1121704.988333989
2021,4208302,Itapema,25.4,2888726000,348116000,2540610000,10291000,645005000,1421478000,463836000,42104,2045.859424757739,153579.98535998
2021,4208401,Itapiranga,205.7,1064726000,112226000,952500000,174837000,326206000,350348000,101109000,11523,1872.388446585096,416241.0114051001
2021,4208450,Itapoá,67.1,1688632000,528120000,1160512000,28726000,69980000,899313000,162494000,7526,2443.577006377886,174239.45898808
2021,4208500,Ituporanga,246.4,1399577000,119472000,1280105000,278775000,333163000,530720000,137448000,14469,1876.975701154189,245575.0370505101
2021,4208609,Jaborá,125.5,181338000,13980000,167358000,72986000,17352000,49520000,27501000,1404,1949.778411680912,167441.88051708
2021,4208708,Jacinto Machado,241.4,529737000,46819000,482918000,132480000,130611000,166163000,53664000,3540,2163.114211864407,225600.5804955
2021,4208807,Jaguaruna,253.4,851847000,54323000,797524000,105209000,127542000,454443000,110330000,13286,1951.837159415925,261673.99655205
2021,4208906,Jaraguá do Sul,207.1,12052185000,2018652000,10033533000,95606000,4529600000,4399300000,1009027000,107308,2724.332008517579,1067537.180896331
2021,4208955,Jardinópolis,52.2,67316000,3139000,64176000,25434000,7981000,15327000,15434000,382,2447.6795026178,63674.85020210997
2021,4209003,Joaçaba,167.2,2380992000,277019000,2103973000,88356000,544783000,1271707000,199127000,25327,2306.762271883752,258810.61727785
2021,4209102,Joinville,411.8,45069864000,11411820000,33658044000,161182000,11937392000,18174354000,3385117000,360165,2472.389998000881,1890448.33861598
2021,4209151,José Boiteux,108.2,130462000,6911000,123551000,33623000,23589000,34347000,31992000,1623,1723.971226124459,40776.28631165999
2021,4209177,Jupiá,79.6,88232000,6524000,81707000,29350000,15563000,19179000,17615000,410,2250.062414634149,52449.21892591001
2021,4209201,Lacerdópolis,49.5,137752000,11884000,125868000,41278000,26678000,40164000,17748000,905,2229.533602209945,83335.88228396005
2021,4209300,Lages,997.7,6576476000,766854000,5809622000,240400000,1298764000,3379893000,890565000,68283,2060.137897866238,1296600.775519949
2021,4209409,Laguna,128.9,1093598000,69671000,1023927000,130256000,93209000,570203000,230258000,11663,1861.908427505787,351248.3522737801
2021,4209458,Lajeado Grande,60.5,59651000,2348000,57303000,28335000,3687000,12512000,12769000,339,2350.86274336283,37486.31198077
2021,4209508,Laurentino,62.4,444761000,61160000,383601000,23768000,129534000,187328000,42971000,3347,2059.178189423365,46106.69611796
2021,4209607,Lauro Muller,137.3,418742000,26717000,392026000,48823000,102066000,152620000,88517000,5337,2717.640470301665,128143.59006148
2021,4209706,Lebon Régis,567.9,416768000,22226000,394542000,165854000,54323000,112179000,62187000,3599,1597.621353153655,281843.0394285599
2021,4209805,Leoberto Leal,132.2,119777000,3817000,115960000,55114000,7668000,31535000,21643000,690,2235.464652173911,71635.82609296004
2021,4209854,Lindóia do Sul,141.5,151906000,5949000,145957000,78963000,9558000,29993000,27444000,912,2055.797094298244,143124.45626217
2021,4209904,Lontras,128.6,466155000,66691000,399464000,41001000,98151000,192750000,67561000,5472,2002.353300438596,285263.0966359403
2021,4210001,Luiz Alves,139,792697000,99748000,692950000,185372000,230208000,201553000,75816000,7585,2107.853634805546,145188.9844318099
2021,4210035,Luzerna,89,292962000,30729000,262233000,35526000,105926000,83300000,37481000,2802,2478.623211991439,61609.59466352999
2021,4210050,Macieira,154.3,59143000,1835000,57308000,28093000,4481000,8731000,16002000,588,1767.449251700679,89518.31299823993
2021,4210100,Mafra,961.5,2489951000,235394000,2254556000,356576000,515453000,1085360000,297166000,21395,2075.68108389811,758105.10293804
2021,4210209,Major Gercino,101.8,62134000,2856000,59278000,15987000,5362000,14816000,23114000,752,1979.956156914894,39077.57924908999
2021,4210308,Major Vieira,350.8,300299000,20176000,280124000,113611000,33329000,87917000,45267000,1423,2062.91276879831,248003.5857160201
2021,4210407,Maracajá,56.4,273037000,28384000,244652000,27992000,49643000,126109000,40908000,3134,1916.537779195914,251558.7699493
2021,4210506,Maravilha,144.2,1793997000,291512000,1502485000,68494000,628947000,658066000,146978000,19724,2087.323120563782,236104.2639648601
2021,4210555,Marema,88.2,98097000,3004000,95093000,58960000,2808000,16156000,17170000,353,2475.249121813032,82668.40275275
2021,4210605,Massaranduba,201.4,751784000,77678000,674106000,128166000,212476000,238931000,94534000,8114,2092.291075918163,224752.23248343
2021,4210704,Matos Costa,226.6,62584000,1939000,60646000,26709000,2730000,12888000,18318000,703,1590.732631578946,168887.8054480199
2021,4210803,Meleiro,167.5,340346000,21267000,319079000,115204000,41938000,120203000,41734000,2209,2057.504784970572,269882.9694595801
2021,4210852,Mirim Doce,113.7,89435000,4678000,84757000,31814000,17259000,17611000,18073000,860,1829.060837209306,155937.78833114
2021,4210902,Modelo,79.4,170286000,12171000,158114000,47080000,32808000,52377000,25849000,1610,1836.993267080743,69855.86485554001
2021,4211009,Mondaí,145.1,1089117000,127108000,962009000,79175000,535327000,281716000,65791000,5681,1884.879605703218,174967.60472041
2021,4211058,Monte Carlo,159.3,233394000,12376000,221018000,54207000,44191000,64286000,58334000,4072,1579.412409135557,77299.23856723
2021,4211108,Monte Castelo,290.6,237410000,16716000,220694000,57035000,31227000,87510000,44922000,1725,1516.570765217391,342602.3692770799
2021,4211207,Morro da Fumaça,69.1,922021000,142615000,779406000,16711000,360133000,300872000,101690000,9928,2149.887748791298,97861.76366423
2021,4211256,Morro Grande,86.9,145118000,10444000,134674000,44194000,35892000,33314000,21274000,686,2055.80246355685,67147.41215134997
2021,4211306,Navegantes,80.4,6142276000,1585556000,4556720000,138103000,1013184000,2910277000,495156000,38311,2237.197519772391,404561.6375782299
2021,4211405,Nova Erechim,50.2,247026000,18699000,228327000,60835000,56110000,80776000,30606000,2479,1840.084812424364,100782.4820214999
2021,4211454,Nova Itaberaba,104.7,189424000,22265000,167159000,42747000,55344000,40181000,28888000,1034,2376.426943907156,138351.5152253699
2021,4211504,Nova Trento,118,691466000,71848000,619618000,23443000,330213000,187177000,78785000,11157,1854.978906516087,82992.15218809996
2021,4211603,Nova Veneza,169.5,1074495000,140796000,933699000,114355000,377993000,353760000,87591000,11510,2085.574472632494,190709.07028076
2021,4211652,Novo Horizonte,121.8,119837000,8075000,111761000,42781000,25357000,26461000,17163000,714,2238.310896358542,67785.05609145
2021,4211702,Orleans,266,1188072000,154881000,1033191000,152445000,326718000,424703000,129324000,11989,2231.90189006588,263854.98831869
2021,4211751,Otacílio Costa,674.9,997982000,103678000,894304000,127280000,390038000,258805000,118182000,9250,2333.655749189186,387642.8025148502
2021,4211801,Ouro,162.5,252604000,16077000,236527000,95435000,24854000,74497000,41741000,1806,1966.294213732005,188685.9243469499
2021,4211850,Ouro Verde,169.5,137259000,5085000,132174000,74510000,4114000,36248000,17303000,408,2377.546176470587,64108.07444247002
2021,4211876,Paial,63.1,58309000,4628000,53681000,21085000,4616000,13077000,14903000,409,2440.841100244498,41572.48078487999
2021,4211892,Painel,139.7,84935000,2110000,82825000,48032000,2388000,14474000,17931000,826,1523.917796610168,363417.5478572197
2021,4211900,Palhoça,107.3,8208640000,1731809000,6476832000,51110000,1158609000,4244352000,1022761000,85213,2074.734421508433,560100.5520428908
2021,4212007,Palma Sola,249.7,332257000,26817000,305440000,96306000,12031000,153488000,43615000,2609,1946.725749329246,142165.69378759
2021,4212056,Palmeira,220.7,187888000,14032000,173856000,66429000,55810000,30189000,21428000,1102,2194.600626134302,137370.54393437
2021,4212106,Palmitos,293.4,913735000,74288000,839447000,269137000,58686000,429720000,81904000,7425,2175.494926599325,443699.8507637899
2021,4212205,Papanduva,455.1,853750000,74171000,779579000,199739000,188614000,293532000,97694000,6425,1876.357271595328,522862.2373586802
2021,4212239,Paraíso,149.4,143288000,10756000,132531000,43924000,28161000,36921000,23526000,1194,1937.652177554439,89338.10730035999
2021,4212254,Passo de Torres,73.3,237289000,15706000,221583000,28781000,19956000,119651000,53195000,2108,2016.918263757117,80435.73676588999
2021,4212270,Passos Maia,323.7,175174000,6160000,169014000,102387000,10859000,28019000,27750000,1357,1955.118437730286,212561.2134869098
2021,4212304,Paulo Lopes,106.4,250013000,17755000,232258000,39666000,28556000,118319000,45718000,2991,2021.883697759949,49213.98118326998
2021,4212403,Pedras Grandes,93.4,243418000,23471000,219947000,59675000,62072000,71875000,26324000,2111,1952.293240170535,71461.89652375002
2021,4212502,Penha,37.4,1036821000,99871000,936950000,66822000,121440000,551482000,197206000,13935,1921.353370649444,122706.36114828
2021,4212601,Peritiba,66.6,120945000,8678000,112267000,30537000,15846000,46281000,19602000,939,2166.107167199146,95959.57276432
2021,4212650,Pescaria Brava,58.9,119429000,5970000,113458000,5294000,10429000,43497000,54238000,1230,1970.964691056909,38930.36245232001
2021,4212700,Petrolândia,180.6,223543000,13101000,210442000,86523000,20708000,69259000,33953000,1594,1926.180125470514,148082.44349165
2021,4212809,Balneário Piçarras,82.5,1513736000,392663000,1121072000,59633000,233839000,667297000,160303000,9166,2317.211710669866,247385.7818622399
2021,4212908,Pinhalzinho,109,1514076000,195362000,1318714000,84313000,575305000,538819000,120278000,13157,2106.395432089389,194618.0194156501
2021,4213005,Pinheiro Preto,43.6,227240000,37092000,190148000,40509000,65355000,58736000,25548000,2894,2014.089975812025,51716.05144277001
2021,4213104,Piratuba,106,801118000,11756000,789362000,37415000,620210000,98244000,33493000,2188,2078.152285191955,82186.17527848999
2021,4213153,Planalto Alegre,47.5,141926000,10000000,131926000,47353000,7827000,55780000,20966000,959,1927.05079249218,44875.79076217001
2021,4213203,Pomerode,81.1,2806204000,772435000,2033768000,31201000,976298000,805157000,221111000,21616,2565.910556532192,102785.55604102
2021,4213302,Ponte Alta,372.6,175760000,10646000,165114000,58456000,36992000,38946000,30720000,1266,1818.08447077409,207172.7183646999
2021,4213351,Ponte Alta do Norte,285.3,166629000,12357000,154272000,65666000,32646000,31424000,24537000,1649,1711.965003032141,124954.99170096
2021,4213401,Ponte Serrada,351.3,291031000,16781000,274250000,80923000,26539000,106135000,60653000,3692,1820.580934452874,192413.8243337601
2021,4213500,Porto Belo,52.5,1471880000,207033000,1264848000,33796000,136534000,945191000,149326000,15392,1889.650953092515,162598.51367149001
2021,4213609,Porto União,469.5,1149800000,105922000,1043877000,107608000,300726000,462936000,172607000,11375,1876.360818461541,460751.4957591698
2021,4213708,Pouso Redondo,235.4,718985000,70933000,648052000,76167000,212700000,269019000,90167000,8820,2079.772638321992,324155.04509607
2021,4213807,Praia Grande,122.2,223238000,15377000,207861000,44600000,25346000,100473000,37442000,2138,1827.519962581851,83152.58741405
2021,4213906,Presidente Castello Branco,44.4,75919000,5165000,70753000,31305000,2815000,19769000,16864000,373,2432.067506702413,68273.6242034399
2021,4214003,Presidente Getúlio,200.7,985009000,88889000,896119000,79440000,397125000,317709000,101845000,11919,1775.091900327205,215855.0045691701
2021,4214102,Presidente Nereu,85.9,62737000,2175000,60563000,24918000,3697000,14870000,17076000,485,1741.410020618556,19868.90217373001
2021,4214151,Princesa,72.4,135903000,13620000,122283000,32983000,44959000,22463000,21877000,1066,2164.888536585366,53775.0791352
2021,4214201,Quilombo,232.7,462582000,42774000,419808000,85829000,128108000,153765000,52107000,5034,2057.706177989672,193321.8433610799
2021,4214300,Rancho Queimado,124.9,165728000,9754000,155974000,69531000,13838000,50250000,22355000,812,2744.926995073889,72015.37141522998
2021,4214409,Rio das Antas,216.9,288065000,18519000,269546000,128246000,42446000,56422000,42431000,2005,1959.433416458854,203199.4427917498
2021,4214508,Rio do Campo,253,212919000,13159000,199760000,72003000,27789000,63236000,36733000,1840,1985.853,304046.2803395202
2021,4214607,Rio do Oeste,171.9,276105000,15150000,260955000,109044000,31929000,78338000,41644000,2540,1785.279933070867,217159.1097063001
2021,4214706,Rio dos Cedros,201.2,474936000,49942000,424994000,39232000,151586000,172019000,62157000,6075,1963.509147325104,91172.69586778998
2021,4214805,Rio do Sul,154.9,3689822000,487943000,3201879000,31947000,765542000,1987460000,416930000,43146,2370.791512538826,495965.4759759904
2021,4214904,Rio Fortuna,188.9,302761000,18140000,284621000,104014000,93508000,58539000,28560000,1572,1956.359917302799,142048.64723164
2021,4215000,Rio Negrinho,601.3,1614436000,180011000,1434425000,75101000,497226000,632522000,229577000,21895,1911.420110984246,469310.1282910405
2021,4215059,Rio Rufino,83.7,70061000,1921000,68140000,32641000,2976000,14333000,18189000,600,1654.665050000001,52071.32343335
2021,4215075,Riqueza,149.5,147649000,8523000,139126000,46111000,21102000,43359000,28554000,1206,1882.829734660033,151225.5249763099
2021,4215109,Rodeio,53.2,390008000,54809000,335199000,25957000,108783000,139105000,61353000,4648,1857.691673838213,47392.50108583001
2021,4215208,Romelândia,174.4,111320000,3929000,107392000,48643000,2742000,28333000,27674000,506,2331.56337944664,144924.29851936
2021,4215307,Salete,117.3,318139000,22788000,295351000,40586000,110220000,99256000,45289000,3347,2019.583050492978,176822.6412327498
2021,4215356,Saltinho,133.6,93621000,3772000,89848000,37067000,6829000,22337000,23615000,830,1788.782891566264,104799.5054925299
2021,4215406,Salto Veloso,70.4,266902000,28474000,238428000,26234000,87871000,93616000,30707000,2832,1931.604569209041,62640.85420770996
2021,4215455,Sangão,74.6,466595000,103316000,363279000,19910000,149906000,127764000,65699000,6877,1852.031273811257,146965.6598116699
2021,4215505,Santa Cecília,842.2,661992000,63505000,598487000,70364000,240232000,192842000,95049000,7555,1866.322285903379,390952.8655319604
2021,4215554,Santa Helena,61.4,103604000,7886000,95718000,33039000,21175000,24198000,17307000,781,1951.922266325224,66937.42662194
2021,4215604,Santa Rosa de Lima,105.1,72823000,3377000,69446000,27208000,7335000,15549000,19355000,544,2031.512095588236,52539.22988708004
2021,4215653,Santa Rosa do Sul,110.8,199062000,13748000,185314000,53004000,10613000,74668000,47030000,1959,1919.583215926491,117293.33704295
2021,4215679,Santa Terezinha,306,268973000,12062000,256911000,121067000,26610000,61294000,47940000,1178,2092.798718166383,718283.0552571609
2021,4215687,Santa Terezinha do Progresso,91.4,65114000,3050000,62064000,24151000,7354000,13075000,17484000,408,2032.522205882353,64627.58249401998
2021,4215695,Santiago do Sul,64.3,48477000,2087000,46390000,16312000,4128000,12060000,13890000,427,2358.807611241216,45289.69553665998
2021,4215703,Santo Amaro da Imperatriz,80.6,1256347000,65165000,1191182000,36488000,620122000,399186000,135387000,10173,1931.843707854125,107403.7706957099
2021,4215752,São Bernardino,118.7,88157000,5349000,82808000,30720000,15765000,18977000,17346000,635,1878.76548031496,105522.55650849
2021,4215802,São Bento do Sul,225.8,4697015000,577679000,4119336000,64366000,1915389000,1657435000,482146000,50493,2113.775571861459,283085.88496113
2021,4215901,São Bonifácio,181.1,112418000,8923000,103495000,26427000,23822000,33858000,19387000,648,1974.317283950617,56764.22547925001
2021,4216008,São Carlos,132.2,520775000,40547000,480228000,118742000,150361000,147080000,64045000,4385,1929.052686431013,204831.2629867399
2021,4216057,São Cristovão do Sul,227.6,219792000,26327000,193465000,28269000,66089000,65446000,33661000,2551,1886.034774598198,201065.71958991
2021,4216107,São Domingos,314.6,449963000,30641000,419322000,111814000,101206000,157864000,48438000,2211,1908.871497060153,158999.60084272
2021,4216206,São Francisco do Sul,111.4,8516095000,1749819000,6766276000,37018000,3145485000,3222746000,361027000,17153,3054.884673234981,195565.2569404999
2021,4216255,São João do Oeste,121.5,353201000,32654000,320547000,109596000,62040000,110027000,38885000,2442,2307.952207207208,216911.75603282
2021,4216305,São João Batista,85.9,1029641000,116591000,913050000,19831000,306950000,393091000,193178000,15159,1786.429260505311,151782.49962457
2021,4216354,São João do Itaperiú,128.4,338133000,29908000,308225000,94603000,110150000,76203000,27269000,2385,2036.385350104824,103798.89408443
2021,4216404,São João do Sul,142.7,282886000,16335000,266551000,106917000,22831000,95263000,41541000,1998,1791.316471471471,160830.3889834
2021,4216503,São Joaquim,283.8,1133168000,48003000,1085165000,483707000,56433000,404294000,140731000,12844,1570.389697913419,419697.9203876499
2021,4216602,São José,68.5,13838193000,3074064000,10764130000,9971000,1507031000,7909875000,1337253000,197919,2047.795380079715,603656.0342796601
2021,4216701,São José do Cedro,235.1,568132000,53271000,514861000,109036000,112561000,215615000,77649000,4794,1782.55426366291,226012.68096935
2021,4216800,São José do Cerrito,655.5,318807000,10118000,308688000,155721000,47798000,65118000,40051000,1037,2075.962381870781,536842.07168126
2021,4216909,São Lourenço do Oeste,291.5,1389396000,204203000,1185193000,88702000,404402000,545237000,146852000,15734,2147.527629337732,332836.1962272599
2021,4217006,São Ludgero,69,929134000,117462000,811672000,178637000,286417000,270302000,76315000,8324,2242.316280634314,139551.7805001999
2021,4217105,São Martinho,126.8,109250000,8371000,100878000,35910000,9943000,34195000,20830000,1097,1888.208432087509,82077.77231057997
2021,4217154,São Miguel da Boa Vista,56.3,50296000,1577000,48719000,22593000,1164000,9619000,15344000,228,2564.823903508772,57889.65828363001
2021,4217204,São Miguel do Oeste,189.1,2174143000,231022000,1943121000,84879000,529479000,1105854000,222910000,23934,2272.845863624969,269945.7961157701
2021,4217253,São Pedro de Alcântara,53.5,101122000,6170000,94953000,21106000,7298000,33872000,32676000,787,2129.463036848792,45568.28953373999
2021,4217303,Saudades,169.1,527126000,64071000,463055000,98201000,179095000,133007000,52752000,4829,2154.988819631392,201168.0687551498
2021,4217402,Schroeder,46.5,759385000,100558000,658827000,33413000,230638000,278253000,116522000,7216,2348.923327328163,47357.99948198998
2021,4217501,Seara,246.4,1178536000,136124000,1042412000,156687000,394779000,388816000,102130000,14041,1880.894465493899,299542.9224275898
2021,4217550,Serra Alta,74.7,118024000,8506000,109518000,37282000,14638000,37113000,20485000,1179,1898.518837998305,55563.06768395998
2021,4217600,Siderópolis,107.4,679481000,55968000,623513000,34887000,291543000,221003000,76081000,5846,2497.029998289431,966931.4938182196
2021,4217709,Sombrio,120.9,910229000,66373000,843856000,180626000,133745000,382860000,146624000,11545,1821.491427457769,197910.82721181
2021,4217758,Sul Brasil,91.6,83386000,4312000,79074000,36760000,6051000,19596000,16668000,564,1889.795851063831,98942.97197449996
2021,4217808,Taió,364.4,844581000,95125000,749456000,134781000,183923000,330787000,99966000,8824,2054.070780825023,517891.960737539
2021,4217907,Tangará,264.8,600820000,59115000,541705000,136334000,201323000,147592000,56456000,3479,2357.96676631216,221898.62275887
2021,4217956,Tigrinhos,48.9,65548000,3291000,62256000,24486000,7995000,14310000,15466000,487,2224.651663244353,40917.86776997
2021,4218004,Tijucas,178.2,2437804000,445628000,1992176000,48606000,556646000,1155041000,231883000,24837,2412.04645448324,231197.09783037
2021,4218103,Timbé do Sul,108,154862000,8172000,146690000,59263000,7968000,47058000,32401000,1070,1935.938299065421,71807.49030592997
2021,4218202,Timbó,68.6,2534387000,378737000,2155650000,14515000,875990000,1009285000,255859000,29456,2238.311022542092,149077.31653199
2021,4218251,Timbó Grande,337.7,303272000,19613000,283659000,64362000,117475000,55581000,46242000,2164,1615.453059149722,319548.1222424201
2021,4218301,Três Barras,278.7,1522652000,165628000,1357023000,59846000,882438000,296435000,118304000,8718,2658.174519385187,400571.2860655601
2021,4218350,Treviso,59.1,232220000,13594000,218626000,9545000,118198000,56028000,34856000,2254,3446.550594498669,42013.64522205001
2021,4218400,Treze de Maio,121.9,199700000,18901000,180799000,43533000,30052000,68755000,38460000,3393,1648.84081049219,83012.25541581
2021,4218509,Treze Tílias,150.7,829463000,104421000,725042000,66979000,309985000,295209000,52870000,6454,2255.931487449647,173490.5302064899
2021,4218608,Trombudo Central,80.1,437924000,60972000,376952000,45095000,177038000,110160000,44659000,3232,2344.486618193074,101854.80368733
2021,4218707,Tubarão,236.6,4816733000,508436000,4308298000,73585000,856135000,2842984000,535594000,64102,2104.929981435841,588846.8092223605
2021,4218756,Tunápolis,105.3,182298000,8325000,173973000,88933000,10298000,45310000,29432000,1203,1673.69360764755,159693.7415127701
2021,4218806,Turvo,195.3,737826000,67641000,670185000,146869000,166707000,287734000,68874000,8179,2136.38881036802,464508.03629717
2021,4218855,União do Oeste,82.2,85123000,3452000,81671000,35505000,5736000,21607000,18823000,509,2334.624361493122,72984.67517297
2021,4218905,Urubici,159.8,356265000,19569000,336695000,118694000,14820000,139454000,63727000,2774,1888.0440555155,143432.44763823
2021,4218954,Urupema,47.9,88451000,2321000,86130000,46234000,3276000,18276000,18344000,1161,1606.985900086135,61538.10855987998
2021,4219002,Urussanga,152.9,1086622000,118350000,968272000,49833000,467163000,326708000,124568000,11684,2308.7155066758,160682.4675236799
2021,4219101,Vargeão,137.6,200991000,18618000,182373000,60911000,35576000,61796000,24090000,1951,2011.937227063047,116233.50117198
2021,4219150,Vargem,248.3,116140000,2501000,113639000,25472000,49988000,19093000,19086000,1436,2045.832137883011,116150.34812101
2021,4219176,Vargem Bonita,203.8,539876000,63514000,476362000,49497000,290987000,103016000,32862000,2354,2792.604511469841,140063.36375434
2021,4219200,Vidal Ramos,185.2,354799000,31531000,323268000,87141000,96472000,99578000,40077000,1414,2199.281683168317,96071.6443145
2021,4219309,Videira,258.9,3455717000,460191000,2995526000,266365000,990731000,1432459000,305971000,37172,2125.336595017743,502332.5621418294
2021,4219358,Vitor Meireles,157.2,142269000,6588000,135682000,54767000,11892000,39539000,29484000,1549,1858.625771465461,86910.99592597997
2021,4219408,Witmarsum,99.8,175188000,11728000,163460000,41815000,45943000,48632000,27070000,2006,2004.529027916253,134981.80861667
2021,4219507,Xanxerê,328.9,2676948000,299552000,2377396000,152013000,471955000,1490173000,263255000,24476,2162.653093642743,500697.7063081297
2021,4219606,Xavantina,180.6,211868000,8067000,203802000,103298000,31514000,43516000,25473000,766,2303.346344647519,214323.1245632501
2021,4219705,Xaxim,241.9,1491017000,161241000,1329777000,168907000,527500000,468537000,164833000,19029,2017.351454621897,299813.96326566
2021,4219853,Zortéa,148.4,103643000,4644000,98999000,36854000,4273000,32234000,25638000,505,2247.126059405942,68027.42241555995
2021,4220000,Balneário Rincão,37.3,294616000,22795000,271821000,8564000,24823000,165113000,73321000,3188,1746.843014429107,30871.01171656
